<ActionMaps>
 <ActionProfiles version="1" optionsVersion="2" rebindVersion="2" profileName="default">
  <deviceoptions name=" VKBsim Gladiator EVO  L    {0201231D-0000-0000-0000-504944564944}">
   <option input="x" deadzone="0.1188"/>
   <option input="y" deadzone="0.1188"/>
   <option input="z" deadzone="0.1188"/>
  </deviceoptions>
  <deviceoptions name=" VKBsim Gladiator EVO  R    {0200231D-0000-0000-0000-504944564944}">
   <option input="x" deadzone="0.0297"/>
   <option input="y" deadzone="0.0297"/>
   <option input="z" deadzone="0.0297"/>
  </deviceoptions>
  <deviceoptions name="T-Rudder  {B679044F-0000-0000-0000-504944564944}">
   <option input="x" deadzone="0.1188"/>
   <option input="y" deadzone="0.1188"/>
   <option input="z" deadzone="0.1188"/>
  </deviceoptions>
  <options type="keyboard" instance="1" Product="Keyboard  {6F1D2B61-D5A0-11CF-BFC7-444553540000}"/>
  <options type="gamepad" instance="1" Product="Controller (Gamepad)">
   <flight_view exponent="1"/>
  </options>
  <options type="joystick" instance="1" Product=" VKBsim Gladiator EVO  R    {0200231D-0000-0000-0000-504944564944}">
   <flight_move_speed_range_abs invert="1"/>
  </options>
  <options type="joystick" instance="2" Product="T-Rudder  {B679044F-0000-0000-0000-504944564944}">
   <flight_strafe_forward_abs invert="1"/>
   <flight_strafe_backward_abs invert="1"/>
   <flight_move_speed_range_abs invert="1"/>
  </options>
  <options type="joystick" instance="3" Product=" VKBsim Gladiator EVO  L    {0201231D-0000-0000-0000-504944564944}">
   <fps_move_longitudinal invert="1"/>
   <fps_view_roll invert="1"/>
   <flight_move_roll invert="1"/>
   <flight_move_speed_range_abs invert="1"/>
  </options>
  <options type="joystick" instance="4"/>
  <options type="joystick" instance="5"/>
  <options type="joystick" instance="6"/>
  <options type="joystick" instance="7"/>
  <options type="joystick" instance="8"/>
  <modifiers />
  <actionmap name="seat_general">
   <action name="v_emergency_exit">
    <rebind input="js1_button27"/>
   </action>
   <action name="v_operator_mode_cycle_back">
    <rebind input="js1_button26"/>
   </action>
   <action name="v_operator_mode_cycle_forward">
    <rebind input="js1_button25"/>
   </action>
   <action name="v_toggle_missile_mode">
    <rebind input="js1_button3"/>
   </action>
   <action name="v_toggle_quantum_mode">
    <rebind input="js3_button21"/>
   </action>
   <action name="v_view_look_behind">
    <rebind input="js3_button14"/>
   </action>
  </actionmap>
  <actionmap name="spaceship_general">
   <action name="v_close_all_doors">
    <rebind input="js3_ "/>
   </action>
   <action name="v_flightready">
    <rebind input="js1_button28"/>
   </action>
   <action name="v_open_all_doors">
    <rebind input="js3_ "/>
   </action>
   <action name="v_self_destruct">
    <rebind input="js1_button27" activationMode="double_tap"/>
   </action>
  </actionmap>
  <actionmap name="spaceship_view">
   <action name="v_view_cycle_fwd">
    <rebind input="js3_button4"/>
   </action>
   <action name="v_view_pitch">
    <rebind input="js2_ "/>
   </action>
   <action name="v_view_yaw">
    <rebind input="js2_ "/>
   </action>
  </actionmap>
  <actionmap name="spaceship_movement">
   <action name="v_afterburner">
    <rebind input="js3_button3"/>
   </action>
   <action name="v_atc_request">
    <rebind input="js3_button28"/>
   </action>
   <action name="v_autoland">
    <rebind input="js3_ "/>
   </action>
   <action name="v_ifcs_toggle_cruise_control">
    <rebind input="js3_button29"/>
   </action>
   <action name="v_ifcs_toggle_esp">
    <rebind input="js3_ "/>
   </action>
   <action name="v_ifcs_toggle_speed_limiter">
    <rebind input="js3_button27"/>
   </action>
   <action name="v_ifcs_toggle_vector_decoupling">
    <rebind input="js3_button5"/>
   </action>
   <action name="v_pitch_mouse">
    <rebind input="mo1_ "/>
   </action>
   <action name="v_roll">
    <rebind input="js3_rotz"/>
   </action>
   <action name="v_roll_left">
    <rebind input="js2_ "/>
   </action>
   <action name="v_roll_right">
    <rebind input="js2_ "/>
   </action>
   <action name="v_space_brake">
    <rebind input="js3_button1"/>
   </action>
   <action name="v_speed_range_abs">
    <rebind input="js3_z"/>
   </action>
   <action name="v_strafe_back_abs">
    <rebind input="js2_y"/>
   </action>
   <action name="v_strafe_down">
    <rebind input="js2_ "/>
   </action>
   <action name="v_strafe_forward_abs">
    <rebind input="js2_x"/>
   </action>
   <action name="v_strafe_forward_rel">
    <rebind input="js2_ "/>
   </action>
   <action name="v_strafe_lateral">
    <rebind input="js3_x"/>
   </action>
   <action name="v_strafe_left">
    <rebind input="js2_ "/>
   </action>
   <action name="v_strafe_longitudinal_abs">
    <rebind input="js2_ "/>
   </action>
   <action name="v_strafe_right">
    <rebind input="js2_ "/>
   </action>
   <action name="v_strafe_up">
    <rebind input="js2_ "/>
   </action>
   <action name="v_strafe_vertical">
    <rebind input="js3_y"/>
   </action>
   <action name="v_target_match_vel">
    <rebind input="js3_button29" activationMode="double_tap"/>
   </action>
   <action name="v_toggle_landing_system">
    <rebind input="js3_button26"/>
   </action>
   <action name="v_toggle_vtol">
    <rebind input="js3_button25"/>
   </action>
   <action name="v_yaw_mouse">
    <rebind input="mo1_ "/>
   </action>
  </actionmap>
  <actionmap name="spaceship_quantum">
   <action name="v_toggle_qdrive_engagement">
    <rebind input="js3_button22"/>
   </action>
  </actionmap>
  <actionmap name="spaceship_targeting">
   <action name="v_target_lock_selected">
    <rebind input="js1_button4"/>
   </action>
   <action name="v_target_unlock_selected">
    <rebind input="js1_button13"/>
   </action>
  </actionmap>
  <actionmap name="spaceship_targeting_advanced">
   <action name="v_target_cycle_attacker_reset">
    <rebind input="js1_button11"/>
   </action>
   <action name="v_target_cycle_hostile_back">
    <rebind input="js1_button14"/>
   </action>
   <action name="v_target_cycle_hostile_fwd">
    <rebind input="js1_button12"/>
   </action>
   <action name="v_target_cycle_hostile_reset">
    <rebind input="js1_button13"/>
   </action>
  </actionmap>
  <actionmap name="spaceship_radar">
   <action name="v_invoke_ping">
    <rebind input="js1_button5"/>
   </action>
  </actionmap>
  <actionmap name="spaceship_scanning">
   <action name="v_dec_scan_focus_level">
    <rebind input="js1_button8"/>
   </action>
   <action name="v_inc_scan_focus_level">
    <rebind input="js1_button6"/>
   </action>
   <action name="v_scanning_trigger_scan">
    <rebind input="js1_button2"/>
   </action>
  </actionmap>
  <actionmap name="spaceship_mining">
   <action name="v_decrease_mining_throttle">
    <rebind input="js2_ "/>
   </action>
   <action name="v_increase_mining_throttle">
    <rebind input="js2_ "/>
   </action>
   <action name="v_mining_throttle">
    <rebind input="js3_z"/>
   </action>
   <action name="v_toggle_mining_laser_type">
    <rebind input="js3_button7"/>
   </action>
  </actionmap>
  <actionmap name="turret_advanced">
   <action name="turret_esp_toggle">
    <rebind input="js2_ "/>
   </action>
   <action name="turret_limiter_abs">
    <rebind input="js2_ "/>
   </action>
   <action name="turret_limiter_toggle">
    <rebind input="js2_ "/>
   </action>
   <action name="turret_recenter">
    <rebind input="js2_ "/>
   </action>
  </actionmap>
  <actionmap name="spaceship_missiles">
   <action name="v_weapon_cycle_missile_back">
    <rebind input="js3_button9"/>
   </action>
   <action name="v_weapon_cycle_missile_fwd">
    <rebind input="js3_button7"/>
   </action>
   <action name="v_weapon_decrease_max_missiles">
    <rebind input="js3_button8"/>
   </action>
   <action name="v_weapon_increase_max_missiles">
    <rebind input="js3_button6"/>
   </action>
   <action name="v_weapon_launch_missile">
    <rebind input="js2_ "/>
   </action>
  </actionmap>
  <actionmap name="spaceship_defensive">
   <action name="v_shield_raise_level_back">
    <rebind input="js1_hat1_down"/>
   </action>
   <action name="v_shield_raise_level_forward">
    <rebind input="js1_hat1_up"/>
   </action>
   <action name="v_shield_raise_level_left">
    <rebind input="js1_hat1_left"/>
   </action>
   <action name="v_shield_raise_level_right">
    <rebind input="js1_hat1_right"/>
   </action>
   <action name="v_shield_reset_level">
    <rebind input="js1_hat1_down" activationMode="double_tap"/>
   </action>
   <action name="v_weapon_countermeasure_decoy_burst_decrease">
    <rebind input="js2_ "/>
   </action>
   <action name="v_weapon_countermeasure_decoy_launch">
    <rebind input="js1_button22"/>
   </action>
   <action name="v_weapon_countermeasure_noise_launch">
    <rebind input="js1_button21"/>
   </action>
  </actionmap>
  <actionmap name="vehicle_capacitor_assignment">
   <action name="v_capacitor_assignment_engine_combined_increase_max">
    <rebind input="js1_button6"/>
   </action>
   <action name="v_capacitor_assignment_reset">
    <rebind input="js1_button8"/>
   </action>
   <action name="v_capacitor_assignment_shield_combined_increase_max">
    <rebind input="js1_button9"/>
   </action>
   <action name="v_capacitor_assignment_weapon_combined_increase_max">
    <rebind input="js1_button7"/>
   </action>
  </actionmap>
  <actionmap name="spaceship_power">
   <action name="v_power_set_off">
    <rebind input="js1_ " activationMode="double_tap"/>
   </action>
   <action name="v_power_set_thrusters_off">
    <rebind input="js1_ " activationMode="double_tap"/>
   </action>
   <action name="v_power_toggle_thrusters">
    <rebind input="js1_button28" activationMode="double_tap"/>
   </action>
  </actionmap>
  <actionmap name="spaceship_hud">
   <action name="v_starmap">
    <rebind input="js3_button10"/>
   </action>
   <action name="visor_wipe">
    <rebind input="js3_button19"/>
   </action>
  </actionmap>
  <actionmap name="lights_controller">
   <action name="v_lights">
    <rebind input="js3_button16"/>
   </action>
  </actionmap>
  <actionmap name="player">
   <action name="consume">
    <rebind input="js1_button1"/>
   </action>
   <action name="fixed_speed_decrement">
    <rebind input="js3_button24"/>
   </action>
   <action name="fixed_speed_increment">
    <rebind input="js3_button23"/>
   </action>
   <action name="gp_jump">
    <rebind input="gp1_y"/>
   </action>
   <action name="gp_movex">
    <rebind input="js3_x"/>
   </action>
   <action name="gp_movey">
    <rebind input="js3_ "/>
   </action>
   <action name="gp_rotatepitch">
    <rebind input="js1_y"/>
   </action>
   <action name="gp_rotateyaw">
    <rebind input="js1_x"/>
   </action>
   <action name="moveback">
    <rebind input="js3_button13"/>
   </action>
   <action name="moveforward">
    <rebind input="js3_button11"/>
   </action>
   <action name="moveleft">
    <rebind input="js3_ "/>
   </action>
   <action name="moveright">
    <rebind input="js3_ "/>
   </action>
   <action name="sprint">
    <rebind input="js3_button3"/>
   </action>
   <action name="thirdperson">
    <rebind input="js3_button4"/>
   </action>
   <action name="toggleAttachHelmet">
    <rebind input="js3_ "/>
   </action>
   <action name="toggleEquipHelmet">
    <rebind input="js3_hat1_down"/>
    <rebind input="gp1_shoulderl+dpad_down"/>
   </action>
   <action name="toggle_flashlight">
    <rebind input="js3_button16"/>
   </action>
   <action name="visor_wipe">
    <rebind input="js3_hat1_left"/>
    <rebind input="gp1_shoulderl+dpad_up"/>
   </action>
   <action name="weapon_melee">
    <rebind input="mo1_ "/>
   </action>
  </actionmap>
  <actionmap name="prone">
   <action name="prone_rollleft">
    <rebind input="js3_ "/>
   </action>
   <action name="prone_rollright">
    <rebind input="js3_ "/>
   </action>
  </actionmap>
  <actionmap name="tractor_beam">
   <action name="tractor_beam_decrease_distance">
    <rebind input="js1_button8"/>
   </action>
   <action name="tractor_beam_increase_distance">
    <rebind input="js1_button6"/>
   </action>
  </actionmap>
  <actionmap name="zero_gravity_eva">
   <action name="eva_boost">
    <rebind input="kb1_ "/>
    <rebind input="js3_button3"/>
   </action>
   <action name="eva_brake">
    <rebind input="kb1_ "/>
    <rebind input="js3_button1"/>
   </action>
   <action name="eva_roll">
    <rebind input="js3_rotz"/>
   </action>
   <action name="eva_roll_left">
    <rebind input="kb1_ "/>
   </action>
   <action name="eva_roll_right">
    <rebind input="kb1_ "/>
   </action>
   <action name="eva_strafe_back">
    <rebind input="kb1_ "/>
    <rebind input="js3_button13"/>
   </action>
   <action name="eva_strafe_down">
    <rebind input="kb1_ "/>
    <rebind input="js3_ "/>
   </action>
   <action name="eva_strafe_forward">
    <rebind input="kb1_ "/>
    <rebind input="js3_button11"/>
   </action>
   <action name="eva_strafe_lateral">
    <rebind input="js3_x"/>
   </action>
   <action name="eva_strafe_left">
    <rebind input="kb1_ "/>
    <rebind input="js3_ "/>
   </action>
   <action name="eva_strafe_right">
    <rebind input="kb1_ "/>
    <rebind input="js3_ "/>
   </action>
   <action name="eva_strafe_up">
    <rebind input="kb1_ "/>
    <rebind input="js3_ "/>
   </action>
   <action name="eva_strafe_vertical">
    <rebind input="js3_y"/>
   </action>
   <action name="eva_toggle_headlook_mode">
    <rebind input="kb1_ "/>
   </action>
   <action name="eva_view_pitch">
    <rebind input="js1_y"/>
   </action>
   <action name="eva_view_yaw">
    <rebind input="js1_x"/>
   </action>
  </actionmap>
  <actionmap name="vehicle_general">
   <action name="v_attack_all">
    <rebind input="js1_button2"/>
   </action>
   <action name="v_attack_group2">
    <rebind input="js1_button3"/>
   </action>
   <action name="v_flightready">
    <rebind input="js1_button28"/>
   </action>
   <action name="v_horn">
    <rebind input="js1_ "/>
   </action>
   <action name="v_toggle_all_doors">
    <rebind input="js3_button28" activationMode="double_tap"/>
   </action>
   <action name="v_view_cycle_fwd">
    <rebind input="js3_button4"/>
   </action>
   <action name="v_view_pitch_mouse">
    <rebind input="mo1_ "/>
   </action>
   <action name="v_view_yaw_mouse">
    <rebind input="mo1_ "/>
   </action>
   <action name="visor_wipe">
    <rebind input="js3_button19"/>
   </action>
  </actionmap>
  <actionmap name="vehicle_driver">
   <action name="v_boost">
    <rebind input="js2_button7"/>
   </action>
   <action name="v_brake">
    <rebind input="js1_ "/>
   </action>
   <action name="v_mgv_switch_brake_on_idle">
    <rebind input="js2_button8"/>
   </action>
   <action name="v_move">
    <rebind input="js1_ "/>
   </action>
   <action name="v_move_back">
    <rebind input="js2_ "/>
   </action>
   <action name="v_move_forward">
    <rebind input="js2_z"/>
   </action>
  </actionmap>
  <actionmap name="spectator">
   <action name="spectate_rotatepitch_mouse">
    <rebind input="mo1_ "/>
   </action>
   <action name="spectate_rotateyaw_mouse">
    <rebind input="mo1_ "/>
   </action>
   <action name="spectate_zoom">
    <rebind input="mo1_ "/>
   </action>
  </actionmap>
  <actionmap name="default">
   <action name="focus_on_chat_textinput">
    <rebind input="js3_ "/>
   </action>
   <action name="pl_exit">
    <rebind input="js1_button27"/>
   </action>
   <action name="toggle_chat">
    <rebind input="js3_hat1_up"/>
   </action>
  </actionmap>
  <actionmap name="player_input_optical_tracking">
   <action name="foip_pushtotalk">
    <rebind input="js2_ "/>
   </action>
   <action name="foip_pushtotalk_proximity">
    <rebind input="js2_ "/>
   </action>
   <action name="headtrack_enabled">
    <rebind input="js1_button29" activationMode="double_tap"/>
   </action>
   <action name="headtrack_recenter_device">
    <rebind input="js1_button29"/>
   </action>
  </actionmap>
  <actionmap name="player_choice">
   <action name="pc_focus">
    <rebind input="js2_ "/>
   </action>
   <action name="pc_interaction_mode">
    <rebind input="js3_button18"/>
   </action>
   <action name="pc_interaction_select">
    <rebind input="js3_button1"/>
    <rebind input="gp1_a"/>
   </action>
   <action name="pc_pit_mobiglas_actions">
    <rebind input="js3_ "/>
   </action>
   <action name="pc_qs_weapons_pistol">
    <rebind input="js3_ "/>
   </action>
   <action name="pc_qs_weapons_primary">
    <rebind input="js3_ "/>
   </action>
   <action name="pc_qs_weapons_secondary">
    <rebind input="js3_ "/>
   </action>
   <action name="pc_screen_focus_down">
    <rebind input="js3_button8"/>
   </action>
   <action name="pc_screen_focus_left">
    <rebind input="js3_button9"/>
   </action>
   <action name="pc_screen_focus_right">
    <rebind input="js3_button7"/>
   </action>
   <action name="pc_screen_focus_up">
    <rebind input="js3_button6"/>
   </action>
   <action name="pc_select">
    <rebind input="js3_button1"/>
    <rebind input="gp1_a"/>
   </action>
  </actionmap>
  <actionmap name="view_director_mode">
   <action name="view_enable_camview_mode">
    <rebind input="kb1_ "/>
   </action>
   <action name="view_fov_in">
    <rebind input="kb1_ "/>
   </action>
   <action name="view_fov_out">
    <rebind input="kb1_ "/>
   </action>
   <action name="view_fstop_in">
    <rebind input="kb1_ "/>
   </action>
   <action name="view_fstop_out">
    <rebind input="kb1_ "/>
   </action>
   <action name="view_load_view_1">
    <rebind input="kb1_ "/>
   </action>
   <action name="view_load_view_2">
    <rebind input="kb1_ "/>
   </action>
   <action name="view_load_view_3">
    <rebind input="kb1_ "/>
   </action>
   <action name="view_load_view_4">
    <rebind input="kb1_ "/>
   </action>
   <action name="view_load_view_5">
    <rebind input="kb1_ "/>
   </action>
   <action name="view_load_view_6">
    <rebind input="kb1_ "/>
   </action>
   <action name="view_load_view_7">
    <rebind input="kb1_ "/>
   </action>
   <action name="view_load_view_8">
    <rebind input="kb1_ "/>
   </action>
   <action name="view_load_view_9">
    <rebind input="kb1_ "/>
   </action>
   <action name="view_move_target_X_neg">
    <rebind input="kb1_ "/>
   </action>
   <action name="view_move_target_X_pos">
    <rebind input="kb1_ "/>
   </action>
   <action name="view_move_target_Y_neg">
    <rebind input="kb1_ "/>
   </action>
   <action name="view_move_target_Y_pos">
    <rebind input="kb1_ "/>
   </action>
   <action name="view_move_target_Z_neg">
    <rebind input="kb1_ "/>
   </action>
   <action name="view_move_target_Z_pos">
    <rebind input="kb1_ "/>
   </action>
   <action name="view_reset_saved">
    <rebind input="kb1_ "/>
   </action>
   <action name="view_restore_defaults">
    <rebind input="kb1_ "/>
   </action>
   <action name="view_save_view_1">
    <rebind input="kb1_ "/>
   </action>
   <action name="view_save_view_2">
    <rebind input="kb1_ "/>
   </action>
   <action name="view_save_view_3">
    <rebind input="kb1_ "/>
   </action>
   <action name="view_save_view_4">
    <rebind input="kb1_ "/>
   </action>
   <action name="view_save_view_5">
    <rebind input="kb1_ "/>
   </action>
   <action name="view_save_view_6">
    <rebind input="kb1_ "/>
   </action>
   <action name="view_save_view_7">
    <rebind input="kb1_ "/>
   </action>
   <action name="view_save_view_8">
    <rebind input="kb1_ "/>
   </action>
   <action name="view_save_view_9">
    <rebind input="kb1_ "/>
   </action>
   <action name="view_switch_to_alternative">
    <rebind input="kb1_ "/>
   </action>
  </actionmap>
 </ActionProfiles>
</ActionMaps>
