<Attributes Version="35">
 <Attr name="ADSMouseSensitivity" value="1"/>
 <Attr name="AudioMasterVolume" value="0.65"/>
 <Attr name="AudioMusicVolume" value="0.64"/>
 <Attr name="AudioSfxVolume" value="0.67"/>
 <Attr name="AudioShakeStrength" value="0"/>
 <Attr name="AudioShipComputerSpeechVolume" value="0.6"/>
 <Attr name="AudioSimulationAnnouncerVolume" value="0.65"/>
 <Attr name="AudioSpeechVolume" value="0.7"/>
 <Attr name="AutoZoomOnSelectedTargetStrength" value="1"/>
 <Attr name="Brightness" value="0.53"/>
 <Attr name="ChromaticAberration" value="0"/>
 <Attr name="EspDampening" value="1.32"/>
 <Attr name="EspZoneOuter" value="7.85"/>
 <Attr name="FOV" value="83.9863"/>
 <Attr name="FilmGrain" value="0"/>
 <Attr name="FlightGSafeDefaultOn" value="0"/>
 <Attr name="FlightSpacebrakeEnablesBoost" value="1"/>
 <Attr name="GForceHeadBobScale" value="0"/>
 <Attr name="GForceZoomScale" value="0"/>
 <Attr name="Gamma" value="1.02"/>
 <Attr name="HeadTrackingFaceWareDeadzoneOffset" value="0"/>
 <Attr name="HeadTrackingFaceWareDeadzoneRotationPitch" value="0"/>
 <Attr name="HeadTrackingFaceWareDeadzoneRotationRoll" value="0"/>
 <Attr name="HeadTrackingFaceWareDeadzoneRotationYaw" value="0"/>
 <Attr name="HeadTrackingFaceWarePositionDeadZoneLeftRight" value="0"/>
 <Attr name="HeadTrackingFaceWarePositionScale" value="0.01"/>
 <Attr name="HeadTrackingFaceWareSmoothingThreshold" value="1.79"/>
 <Attr name="HeadTrackingFacewarePitchMultiplier" value="2.7"/>
 <Attr name="HeadTrackingFacewareYawMultiplier" value="2"/>
 <Attr name="HeadtrackingDisableDuringIM" value="1"/>
 <Attr name="HeadtrackingDisableDuringMobiGlas" value="1"/>
 <Attr name="HeadtrackingGlobalSmoothingPosition" value="0.14"/>
 <Attr name="HeadtrackingGlobalSmoothingRotation" value="0.14"/>
 <Attr name="HeadtrackingInactivityTime" value="2"/>
 <Attr name="HeadtrackingSource" value="3"/>
 <Attr name="HeadtrackingToggle" value="1"/>
 <Attr name="Height" value="2160"/>
 <Attr name="IgnoreWindowFocus" value="1"/>
 <Attr name="LookAheadEnabledShip" value="0"/>
 <Attr name="LookAheadEnabledTurret" value="0"/>
 <Attr name="LookAheadStrengthForward" value="1"/>
 <Attr name="LookAheadStrengthHorizonAlignment" value="1"/>
 <Attr name="LookAheadStrengthHorizonLookAt" value="1"/>
 <Attr name="LookAheadStrengthJumpPointSpline" value="1"/>
 <Attr name="LookAheadStrengthMgvForward" value="1"/>
 <Attr name="LookAheadStrengthMgvHorizonAlignment" value="1"/>
 <Attr name="LookAheadStrengthMgvPitchYaw" value="1"/>
 <Attr name="LookAheadStrengthMgvVJoy" value="1"/>
 <Attr name="LookAheadStrengthQuantumBoostTarget" value="1"/>
 <Attr name="LookAheadStrengthRoll" value="1"/>
 <Attr name="LookAheadStrengthTargetSoft" value="1"/>
 <Attr name="LookAheadStrengthTurretForward" value="1"/>
 <Attr name="LookAheadStrengthTurretPitchYaw" value="1"/>
 <Attr name="LookAheadStrengthTurretVJoy" value="1"/>
 <Attr name="LookAheadStrengthVJoy" value="1"/>
 <Attr name="LookAheadStrengthVelocityVector" value="1"/>
 <Attr name="LookAheadStrengthYawPitch" value="1"/>
 <Attr name="MotionBlur" value="0"/>
 <Attr name="OverscanBorderX" value="0"/>
 <Attr name="OverscanBorderY" value="0"/>
 <Attr name="PreferredRegionId" value="2"/>
 <Attr name="Preset0" value=""/>
 <Attr name="Preset1" value="%user%/controls/mappings/layout_bronchy_exported.xml"/>
 <Attr name="Preset2" value=""/>
 <Attr name="Preset3" value=""/>
 <Attr name="Preset4" value=""/>
 <Attr name="Resolution" value="23"/>
 <Attr name="ScatterDist" value="750"/>
 <Attr name="ShakeScale" value="0"/>
 <Attr name="ShowContactFriendlyNameplate" value="1"/>
 <Attr name="ShowContactNeutralHostileNameplate" value="1"/>
 <Attr name="SpeedThrottleDefaultFixedSpeed" value="5.58"/>
 <Attr name="SysSpecPlanetVolumetricClouds" value="3"/>
 <Attr name="TerrainTessDistance" value="5"/>
 <Attr name="TobiiGazeResponsiveness_Profile0" value="0.33"/>
 <Attr name="TobiiHeadPositionDeadZoneX" value="0.3"/>
 <Attr name="TobiiHeadPositionDeadZoneY" value="0.3"/>
 <Attr name="TobiiHeadPositionDeadZoneZ" value="0.31"/>
 <Attr name="TobiiHeadPositionScale" value="3"/>
 <Attr name="TobiiHeadSensitivityPitch_Profile0" value="1.6"/>
 <Attr name="TobiiHeadSensitivityRoll_Profile0" value="1"/>
 <Attr name="TobiiHeadSensitivityRoll_Profile1" value="1"/>
 <Attr name="TobiiHeadSensitivityYaw_Profile0" value="1.63"/>
 <Attr name="TurretsEspZoneOuter" value="8"/>
 <Attr name="VJoyShowDeadzone" value="0"/>
 <Attr name="VSync" value="0"/>
 <Attr name="VelocityIndicatorDisplayType" value="2"/>
 <Attr name="Vibration" value="0"/>
 <Attr name="VideoVolume" value="1"/>
 <Attr name="WeaponFallbackConvergenceDistance" value="104"/>
 <Attr name="Width" value="3840"/>
 <Attr name="WindowMode" value="2"/>
 <Attr name="selectedShipURN" value="urn:sc:communal:entitlement::fdbd7d0d-75b0-4b0d-861d-340359e57112"/>
 <Attr name="selectedShipURN_EA_BattleRoyale" value="urn:sc:global:entitlement:uuid:4f6909cb-deee-506e-8741-2540226ed5ff"/>
 <Attr name="selectedShipURN_EA_ClassicRace" value="urn:sc:global:entitlement:uuid:e4ed5e42-5ffe-5943-b7bf-db1dd244886d"/>
 <Attr name="selectedShipURN_EA_Duel" value="urn:sc:global:entitlement:uuid:4f6909cb-deee-506e-8741-2540226ed5ff"/>
 <Attr name="selectedShipURN_EA_ExperimentalMode_1" value="urn:sc:communal:entitlement::fdbd7d0d-75b0-4b0d-861d-340359e57112"/>
 <Attr name="selectedShipURN_EA_ExperimentalMode_10" value="urn:sc:communal:entitlement::b6a1c3ef-1ea5-4bab-9c48-a4b5c8dff1da"/>
 <Attr name="selectedShipURN_EA_ExperimentalMode_3" value="urn:sc:communal:entitlement::b8a352bb-74a8-415b-9e08-77f684ac91b8"/>
 <Attr name="selectedShipURN_EA_ExperimentalMode_4" value="urn:sc:communal:entitlement::b8a352bb-74a8-415b-9e08-77f684ac91b8"/>
 <Attr name="selectedShipURN_EA_ExperimentalMode_6" value="urn:sc:communal:entitlement::96b11061-68ce-4896-9424-fc8804a410ae"/>
 <Attr name="selectedShipURN_EA_ExperimentalMode_7" value="urn:sc:communal:entitlement::fdbd7d0d-75b0-4b0d-861d-340359e57112"/>
 <Attr name="selectedShipURN_EA_ExperimentalMode_8" value="urn:sc:communal:entitlement::fdbd7d0d-75b0-4b0d-861d-340359e57112"/>
 <Attr name="selectedShipURN_EA_FreeFlight" value="urn:sc:global:entitlement:uuid:61d90d75-4cea-5709-b14f-efef0463668d"/>
 <Attr name="selectedShipURN_EA_PirateSwarm" value="urn:sc:global:entitlement:uuid:9378db43-162f-5853-9430-e166298c7d67"/>
 <Attr name="selectedShipURN_EA_SquadronBattle" value="urn:sc:global:entitlement:uuid:b72a4615-9a54-51ca-870e-d4212a3356f3"/>
 <Attr name="selectedShipURN_EA_VanduulSwarm" value="urn:sc:global:entitlement:uuid:33ba84af-c1ef-579d-8bd7-5264247c734f"/>
</Attributes>
