<Favorites>
 <Context Name="EVA">
  <Favorite Index="2" Active="1" Locked="0" ActionId="9" ActionMap="player" Type="1"/>
 </Context>
 <Context Name="Flight">
  <Favorite Index="2" Active="1" Locked="0" ActionId="9" ActionMap="spaceship_hud" Type="1"/>
  <Favorite Index="3" Active="1" Locked="0" ActionId="10" ActionMap="default" Type="1"/>
 </Context>
 <Context Name="OnFoot">
  <Favorite Index="2" Active="1" Locked="0" ActionId="9" ActionMap="player" Type="1"/>
 </Context>
</Favorites>
